Title,Rating,Voting,Duration,Genre
Moana 2,6.7,87000.0,100.0,adventure
Flow,7.9,58000.0,85.0,adventure
Gladiator II,6.6,216000.0,148.0,adventure
Sonic the Hedgehog 3,6.9,52000.0,110.0,adventure
Venom: The Last Dance,6.0,107000.0,110.0,adventure
Dune: Part Two,8.5,612000.0,166.0,adventure
Mufasa: The Lion King,6.6,47000.0,118.0,adventure
The Lord of the Rings: The War of the Rohirrim,6.3,28000.0,134.0,adventure
Furiosa: A Mad Max Saga,7.5,280000.0,148.0,adventure
Deadpool & Wolverine,7.6,479000.0,128.0,adventure
The Day the Earth Blew Up: A Looney Tunes Movie,7.0,1900.0,91.0,adventure
Borderlands,4.7,45000.0,101.0,adventure
Paddington in Peru,6.7,17000.0,106.0,adventure
Night of the Zoopocalypse,6.3,324.0,91.0,adventure
Twisters,6.5,160000.0,122.0,adventure
Civil War,7.0,232000.0,109.0,adventure
Despicable Me 4,6.2,62000.0,94.0,adventure
The Count of Monte-Cristo,7.6,32000.0,178.0,adventure
Inside Out 2,7.5,211000.0,96.0,adventure
Kingdom of the Planet of the Apes,6.9,149000.0,145.0,adventure
Red One,6.3,137000.0,123.0,adventure
Transformers One,7.6,47000.0,104.0,adventure
Solo Leveling: ReAwakening,8.7,6800.0,121.0,adventure
Bad Boys: Ride or Die,6.5,98000.0,115.0,adventure
Love Lies Bleeding,6.6,56000.0,104.0,adventure
Damsel,6.1,108000.0,110.0,adventure
Ghostbusters: Frozen Empire,6.1,92000.0,115.0,adventure
The Return,6.2,7400.0,116.0,adventure
Madame Web,4.0,99000.0,116.0,adventure
Godzilla x Kong: The New Empire,6.1,119000.0,115.0,adventure
Freaky Tales,6.4,364.0,106.0,adventure
Wallace & Gromit: Vengeance Most Fowl,7.5,33000.0,82.0,adventure
Harold and the Purple Crayon,5.7,7900.0,90.0,adventure
Attack on Titan the Movie: The Last Attack,9.3,14000.0,145.0,adventure
Spaceman,5.7,42000.0,107.0,adventure
Uglies,4.7,32000.0,100.0,adventure
Kung Fu Panda 4,6.3,67000.0,94.0,adventure
The Garfield Movie,5.7,24000.0,101.0,adventure
Hitpig,5.1,829.0,86.0,adventure
Kalki 2898 AD,7.0,66000.0,180.0,adventure
Descendants: The Rise of Red,4.7,6900.0,91.0,adventure
The Empire,5.2,1200.0,110.0,adventure
Atlas,5.6,55000.0,118.0,adventure
Survive,4.6,2000.0,90.0,adventure
Rebel Moon - Part Two: The Scargiver,5.3,59000.0,122.0,adventure
Spellbound,5.7,6300.0,109.0,adventure
Arthur the King,7.0,34000.0,107.0,adventure
Winner,6.5,2300.0,103.0,adventure
Monster Summer,5.7,3500.0,97.0,adventure
Saving Bikini Bottom: The Sandy Cheeks Movie,3.7,3700.0,82.0,adventure
My Penguin Friend,6.7,4700.0,97.0,adventure
Family Pack,5.5,8700.0,94.0,adventure
Lost on a Mountain in Maine,6.1,1100.0,98.0,adventure
No Way Up,4.6,10000.0,90.0,adventure
The Unholy Trinity,7.9,49.0,93.0,adventure
Bookworm,6.0,1800.0,103.0,adventure
Megamind vs. The Doom Syndicate,2.5,5500.0,83.0,adventure
The Goat Life,7.1,47000.0,173.0,adventure
Orion and the Dark,6.3,17000.0,93.0,adventure
The Best Christmas Pageant Ever,6.8,6000.0,99.0,adventure
Something in the Water,4.1,4500.0,86.0,adventure
Sasquatch Sunset,5.4,5300.0,88.0,adventure
A Sloth Story,5.7,176.0,90.0,adventure
"I, the Executioner",6.3,1600.0,118.0,adventure
My Hero Academia: You're Next,7.0,1900.0,110.0,adventure
Justice League: Crisis on Infinite Earths - Part One,6.2,8300.0,93.0,adventure
River of Blood,5.4,1500.0,86.0,adventure
That Christmas,6.8,17000.0,91.0,adventure
Thelma the Unicorn,5.7,2900.0,93.0,adventure
Badland Hunters,5.9,12000.0,107.0,adventure
The Courier,6.0,4300.0,101.0,adventure
Justice League: Crisis on Infinite Earths - Part Three,6.1,4300.0,94.0,adventure
The Tiger's Apprentice,5.7,2100.0,84.0,adventure
The Lost Tiger,7.8,34.0,90.0,adventure
The Price of Money: A Largo Winch Adventure,5.1,1100.0,100.0,adventure
No Chains No Masters,6.4,477.0,98.0,adventure
Guest from the Future,6.0,1100.0,141.0,adventure
200% Wolf,6.0,1300.0,98.0,adventure
Demon Slayer: Kimetsu No Yaiba - To the Hashira Training,7.1,8300.0,104.0,adventure
The Wages of Fear,4.6,4000.0,104.0,adventure
Unspeakable: Beyond the Wall of Sleep,5.9,37.0,90.0,adventure
Operation Blood Hunt,3.4,455.0,93.0,adventure
Ultraman: Rising,6.9,6200.0,117.0,adventure
Angels Fallen: Warriors of Peace,4.9,5800.0,103.0,adventure
Cult Killer,4.8,2700.0,105.0,adventure
Doraemon the Movie: Nobita's Earth Symphony,6.6,1400.0,115.0,adventure
Golden Kamuy,6.3,2500.0,127.0,adventure
The Magician's Raincoat,5.6,87.0,0.0,adventure
Autumn and the Black Jaguar,5.6,961.0,100.0,adventure
Manjummel Boys,8.2,27000.0,135.0,adventure
Woody Woodpecker Goes to Camp,4.5,2500.0,100.0,adventure
Justice League: Crisis on Infinite Earths - Part Two,5.5,5200.0,94.0,adventure
WWII: Operation Phoenix,6.6,63.0,106.0,adventure
Anaconda,4.9,601.0,84.0,adventure
My Fathers' Daughter,6.6,71.0,78.0,adventure
Buffalo Kids,6.6,632.0,93.0,adventure
Hanu Man,7.7,29000.0,158.0,adventure
Dragonkeeper,5.7,1600.0,98.0,adventure
The Forest,6.6,18.0,77.0,adventure
The Firing Squad,5.4,5000.0,93.0,adventure
Sixty Minutes,5.7,5100.0,88.0,adventure
Escape,6.4,1900.0,94.0,adventure
The Last Redemption,6.7,3200.0,122.0,adventure
Crayon Shin-chan: Ora's Dinosaur Diary,6.5,310.0,106.0,adventure
My Freaky Family,6.4,388.0,86.0,adventure
Meanwhile on Earth,6.0,870.0,89.0,adventure
Spiders on a Plane,5.7,360.0,78.0,adventure
Bambi: A Tale of Life in the Woods,5.7,149.0,85.0,adventure
Now or Never!,2.1,17000.0,0.0,adventure
A Legend,4.7,855.0,129.0,adventure
Man and Witch: The Dance of a Thousand Steps,5.5,326.0,94.0,adventure
Kanguva,4.5,14000.0,152.0,adventure
Cells at Work!,6.8,168.0,109.0,adventure
The Slave and the Sorcerer,6.7,37.0,86.0,adventure
Saint-Exupéry,5.5,237.0,98.0,adventure
Storm Crashers,6.3,551.0,88.0,adventure
Dalia y el Libro Rojo,6.7,47.0,107.0,adventure
Overlord: The Sacred Kingdom,7.0,699.0,135.0,adventure
Roadkill,3.6,672.0,90.0,adventure
Rebellious,6.0,160.0,94.0,adventure
A.R.M,7.1,8500.0,150.0,adventure
Robin and the Hoods,4.4,504.0,100.0,adventure
Eat the Night,6.2,414.0,106.0,adventure
War of the Worlds: Extinction,3.0,177.0,84.0,adventure
The Last Ronin,4.9,0.0,121.0,adventure
Devil's Knight,5.4,225.0,90.0,adventure
Thangalaan,6.6,777.0,156.0,adventure
The Twisters,2.5,6500.0,86.0,adventure
Bade Miyan Chote Miyan,3.8,314.0,163.0,adventure
Bionic,4.3,39000.0,110.0,adventure
Going Viral,6.8,1700.0,90.0,adventure
School of Magical Animals 3,5.9,50.0,105.0,adventure
A Trip Elsewhere,5.6,297.0,93.0,adventure
The Last of Us: Immunity,6.3,94.0,64.0,adventure
Escape from the 21st Century,6.5,13.0,98.0,adventure
Pimpinero: Blood and Oil,5.6,811.0,121.0,adventure
Rally Caps,5.5,537.0,100.0,adventure
Dreams,0.0,129.0,106.0,adventure
My Oni Girl,6.0,0.0,112.0,adventure
Never Look Away,7.2,1700.0,85.0,adventure
Return to Wickensburg,4.8,247.0,88.0,adventure
Shrek 5: The Contract - A Fan Made Film,7.0,22.0,84.0,adventure
Jathara,6.4,18.0,129.0,adventure
The Mountain,6.6,1000.0,89.0,adventure
Fox & Hare Save the Forest,5.9,151.0,71.0,adventure
Noah's Ark,4.3,192.0,96.0,adventure
No Time to Spy: A Loud House Movie,6.4,624.0,81.0,adventure
Memes & Nightmares,5.7,435.0,81.0,adventure
Witch Hunter,5.2,76.0,80.0,adventure
Bureau 749,4.1,21.0,123.0,adventure
Ayalaan,6.0,502.0,155.0,adventure
The Keepers of the 5 Kingdoms,4.1,4000.0,109.0,adventure
This Too Shall Pass,0.0,216.0,105.0,adventure
Panda Bear in Africa,5.5,0.0,84.0,adventure
The Kingdom,7.9,308.0,133.0,adventure
The Legend Hunters,5.0,85.0,0.0,adventure
Mobile Suit Gundam SEED Freedom,6.6,17.0,124.0,adventure
Gaami,6.4,923.0,147.0,adventure
The Phantom Warrior,2.4,2000.0,119.0,adventure
Odio el verano,5.1,552.0,103.0,adventure
Raqa,6.5,548.0,107.0,adventure
Ahl Al Kahf,5.2,58.0,120.0,adventure
Seven Seas Seven Hills,8.6,237.0,90.0,adventure
Road Wars: Max Fury,2.0,85.0,83.0,adventure
Barroz: Guardian of Treasures,3.5,349.0,155.0,adventure
Diving Into the Darkness,9.1,943.0,96.0,adventure
Abudeka Is Back,5.3,82.0,120.0,adventure
Buddy,3.8,29.0,137.0,adventure
Hotel Underground,7.4,340.0,0.0,adventure
Zak & Wowo: The Legend of Lendarys,5.7,60.0,85.0,adventure
Stranded Pearl,6.0,86.0,90.0,adventure
Ghost Island,7.1,27.0,95.0,adventure
Gracie and Pedro: Pets to the Rescue,5.1,43.0,87.0,adventure
Vertical,5.2,259.0,111.0,adventure
Its Name Was Mormo,3.8,115.0,93.0,adventure
Gladiators,6.6,111.0,95.0,adventure
The Adventures of Jurassic Pet: Return to the Wild,5.5,35.0,90.0,adventure
Trifole,7.5,51.0,100.0,adventure
The Casagrandes Movie,5.6,44.0,89.0,adventure
Cazatesoros,6.8,652.0,106.0,adventure
I Left My Heart in Colombia,9.1,20.0,0.0,adventure
The Big Trip 3: Race Around the World,5.7,414.0,85.0,adventure
Big City Greens the Movie: Spacecation,6.2,50.0,0.0,adventure
"Maya, donne-moi un titre",6.4,530.0,61.0,adventure
Teenz,4.4,47.0,122.0,adventure
Empire Queen: The Golden Age of Magic,3.2,861.0,148.0,adventure
Captain Miller,6.5,204.0,157.0,adventure
Game On,2.6,8600.0,85.0,adventure
Little Emma,5.7,347.0,106.0,adventure
Spirit Riser,6.7,101.0,98.0,adventure
At Her Feet,7.5,33.0,100.0,adventure
Elli and the Ghostly Ghost Train,5.0,39.0,86.0,adventure
Yaren Leylek,5.6,89.0,95.0,adventure
Amazon Bullseye,5.3,25.0,113.0,adventure
Earthquake Underground,3.3,181.0,83.0,adventure
Z-Mom,4.7,189.0,90.0,adventure
Dead Dead Demon's Dededede Destruction,7.0,42.0,120.0,adventure
Yolki 11,4.7,136.0,92.0,adventure
Taklee Genesis x Worlds Collide,5.5,163.0,146.0,adventure
The Traveller,5.2,382.0,134.0,adventure
All for One,1.2,201.0,97.0,adventure
Mr. Blue Shirt: The Inspiration,4.9,603.0,0.0,adventure
My Redneck Neighbor: Chapter 2 - Let the Games Begin,0.0,10.0,55.0,adventure
Satu - Year of the Rabbit,9.3,0.0,93.0,adventure
Stinky Summer,5.9,48.0,90.0,adventure
Jurassic Triangle,2.5,45.0,84.0,adventure
Captain Avispa,5.8,277.0,96.0,adventure
My Redneck Neighbor: Chapter 1 - The Rednecks Are Coming,5.0,172.0,74.0,adventure
One Million Babes BC,3.3,7.0,75.0,adventure
Powder Pup,6.2,35.0,89.0,adventure
Oculus,6.0,73.0,113.0,adventure
Rocky Road to Berlin,7.2,15.0,104.0,adventure
Chico Bento e a Goiabeira Maraviosa,7.8,1300.0,90.0,adventure
Kodaikanal,9.2,453.0,173.0,adventure
Un lío de millones,6.0,67.0,91.0,adventure
Letuchiy korabl,3.8,50.0,100.0,adventure
Kvitebjørn,5.9,290.0,85.0,adventure
Kiyma: Orman Kanunlari,4.3,51.0,81.0,adventure
Bull Shark 3,3.5,34.0,76.0,adventure
Dragon Ball Z Kai,8.4,71.0,82.0,adventure
Get Close 2,5.7,65.0,0.0,adventure
Dongeng Sang Kancil,8.1,44.0,99.0,adventure
The Epic of Gilgamesh,0.0,77.0,79.0,adventure
Joachim and the Apocalypse,7.2,0.0,90.0,adventure
Tulang Belulang Tulang,7.0,12.0,95.0,adventure
Troy the Bharat Putra,5.7,38.0,134.0,adventure
Killer Witches from Outer Space,7.1,30.0,0.0,adventure
Birds Flying East,5.8,77.0,100.0,adventure
Friendly Fire,6.6,557.0,105.0,adventure
Baba Yaga spasaet Novyy god,4.4,30.0,99.0,adventure
I Heart Robots,4.6,113.0,76.0,adventure
The Star City Murders,4.1,2300.0,79.0,adventure
Major Grom: The Game,6.1,141.0,168.0,adventure
Dünya Mali: Eksi Bir,6.8,1800.0,133.0,adventure
Permafrost,5.7,16.0,80.0,adventure
Death Game,6.3,112.0,88.0,adventure
Tracing the Divide,8.7,24.0,84.0,adventure
Sunlight,7.9,153.0,96.0,adventure
Treasure Trackers,5.8,17.0,92.0,adventure
The Backrooms,6.2,152.0,63.0,adventure
Niko: Beyond the Northern Lights,6.3,7.0,86.0,adventure
Emma,0.0,298.0,90.0,adventure
Mong Vuot,5.3,0.0,96.0,adventure
Duffle Bag Boy,6.9,115.0,0.0,adventure
The Epidemic,5.8,56.0,95.0,adventure
Gepack,6.6,69.0,97.0,adventure
Son of the Wolf,0.0,357.0,82.0,adventure
Next to Us,4.9,0.0,125.0,adventure
The Waves of Madness,5.9,220.0,0.0,adventure
Die Chaosschwestern und Pinguin Paul,5.7,17.0,100.0,adventure
Dünya Varmis,7.3,66.0,100.0,adventure
Marianengraben,7.5,48.0,87.0,adventure
Tri kota. Zimnie kanikuly,6.1,64.0,65.0,adventure
Wonderful Precure! The Movie! Doki Doki Game no Sekai de Daiboken,7.0,27.0,71.0,adventure
Oscar Wilde About America,0.0,26.0,98.0,adventure
Håkan Bråkan 2,5.4,0.0,92.0,adventure
Formed Police Unit,4.6,128.0,120.0,adventure
LasseMajas detektivbyrå - Maskoten som försvann,6.0,472.0,90.0,adventure
Bratya,3.1,54.0,103.0,adventure
The Secret of Pin-Up Island,7.4,0.0,107.0,adventure
Tipppsy,8.1,105.0,115.0,adventure
Arctic Hollow,2.3,0.0,70.0,adventure
Fuuto PI: Portrait of Kamen Rider Skull,7.5,92.0,82.0,adventure
Advent,7.5,32.0,119.0,adventure
Five Friends,6.7,179.0,112.0,adventure
Ognivo,5.4,30.0,105.0,adventure
Luigi's Mansion,6.0,6.0,60.0,adventure
Rocky and Bullwinkle,9.7,851.0,100.0,adventure
Si Juki the Movie: Harta Pulau Monyet,6.0,213.0,107.0,adventure
Hain,2.9,17.0,95.0,adventure
Finding Christmas,7.5,11.0,0.0,adventure
Nintama Rantaro Dokutake Ninja-tai Saikyou no Gunshi,6.8,114.0,90.0,adventure
Planetquake,3.0,45.0,85.0,adventure
Nature Cat's Nature Movie Special Extraordinaire,7.2,10.0,0.0,adventure
Transformers Prime: Galavatron's Revenge,0.0,14.0,104.0,adventure
Goldbeak,4.9,281.0,94.0,adventure
Naa Saami Ranga,4.5,17.0,150.0,adventure
Kaizen,7.3,0.0,160.0,adventure
"Silex and the City, le film",4.9,126.0,77.0,adventure
Askepote,3.5,1200.0,72.0,adventure
Appu,8.6,637.0,92.0,adventure
Masha i Medved v kino: Park chudes,7.0,47.0,58.0,adventure
Heavens: The Boy and His Robot,6.3,80.0,98.0,adventure
Six Nine Five (695),7.0,181.0,137.0,adventure
Steal the Naughty List,6.7,16.0,90.0,adventure
Dikkie Dik 2: Een Nieuwe Vriend voor Dikkie Dik,7.4,21.0,70.0,adventure
Shanghai Story,8.1,704.0,71.0,adventure
The Worlds Divide,8.0,113.0,120.0,adventure
Two Breaths,8.1,0.0,18.0,adventure
Space Ranger,3.4,71.0,0.0,adventure
Surge of Power: Where There's Smoke,7.3,55.0,68.0,adventure
Güzel Bir Rüya,4.9,36.0,79.0,adventure
Wonderland,6.8,21.0,120.0,adventure
Analogistan,0.0,78.0,85.0,adventure
Longe da Estrada,6.0,12.0,68.0,adventure
Cândido,6.3,40.0,99.0,adventure
Iron Dusk,5.6,12.0,0.0,adventure
Vikaasaparva,8.7,0.0,134.0,adventure
Benjamin Bat,8.1,9.0,75.0,adventure
Fights Break Sphere 3,4.7,58.0,81.0,adventure
Bar MoskvaChiki,5.2,14.0,91.0,adventure
Kalvan,5.6,540.0,142.0,adventure
Nanoshark,5.4,28.0,0.0,adventure
Pui Pui Molcar the Movie: Molmax,7.0,8.0,69.0,adventure
The Very Last Christmas,8.5,100.0,75.0,adventure
Xibalba Monster,6.0,984.0,76.0,adventure
Daye: Seret ahl el Daye,7.6,18.0,104.0,adventure
Turma da Mônica Jovem: Reflexos do Medo,2.8,7.0,88.0,adventure
Art Work,0.0,11.0,91.0,adventure
The Eye of the Salamander,7.9,20.0,81.0,adventure
Dikkie Dik en de Verdwenen Knuffel,7.2,14.0,62.0,adventure
I racconti del mare,0.0,256.0,89.0,adventure
This Land of Mine,8.0,0.0,90.0,adventure
The Sasqualogist,0.0,0.0,89.0,adventure
Dead Dead Demon's Dededede Destruction Zenpen,7.0,20.0,120.0,adventure
Kade,6.5,125.0,92.0,adventure
Road to Dreamland,0.0,0.0,90.0,adventure
Elephant Steps,6.8,0.0,0.0,adventure
Molar,0.0,5.0,135.0,adventure
Mama,8.5,0.0,100.0,adventure
Samaya bolshaya luna,2.4,137.0,105.0,adventure
"Fallen Leaves, Broken Lighters",7.8,15.0,96.0,adventure
23 Horas,7.6,0.0,0.0,adventure
Piraty galaktiki Barrakuda,4.4,38.0,92.0,adventure
Tokusou Sentai Dekaranger 20th: Fireball Booster,7.1,0.0,50.0,adventure
Chernyy zamok,7.8,7.0,115.0,adventure
Igrisca ne damo!,6.9,0.0,79.0,adventure
The Yoshi Movie,7.7,127.0,105.0,adventure
Vasilisa i khraniteli vremeni,3.1,6.0,98.0,adventure
Spider-Man: Blue,5.9,17.0,0.0,adventure
The Umbrella Fairy,5.5,78.0,95.0,adventure
Triple 7: They Said It Couldn't Be Done,8.5,29.0,97.0,adventure
Zoloto Umalty,5.0,17.0,109.0,adventure
Kral Sakir: Devler Uyandi,5.4,26.0,0.0,adventure
Return,0.0,12.0,90.0,adventure
Yasmeen's Element,7.6,66.0,76.0,adventure
Life with Quincy 3,0.0,11.0,73.0,adventure
Adam i Eva,5.1,48.0,95.0,adventure
Tay 2: Ebabil Takimi,5.5,13.0,78.0,adventure
Shadows of Betrayal: Chronicles of Ian Blair,7.3,101.0,65.0,adventure
Mobile Suit Gundam: Silver Phantom,6.1,64.0,90.0,adventure
Hope & Glory,6.6,0.0,44.0,adventure
BAM!,7.2,20.0,80.0,adventure
Historia de pastores,5.8,0.0,80.0,adventure
De Legende van Familie Vos,5.7,92.0,81.0,adventure
Oyunda Kal: Eglence Arenasi,2.7,35.0,92.0,adventure
Operation Wakaliga: Fate and Blood,6.7,12.0,66.0,adventure
Tur s Ivanushkami,5.3,13.0,111.0,adventure
Jaunt,8.4,0.0,78.0,adventure
Sam and Colby: The Legends of the Paranormal,4.8,142.0,98.0,adventure
The Trail,7.2,27.0,80.0,adventure
Dogman Territory: Werewolves in the Land Between the Lakes,5.4,25.0,0.0,adventure
The Cold Father,7.0,58.0,0.0,adventure
Dans l'ombre de Marlow,0.0,35.0,80.0,adventure
Manyunya. Priklyucheniya v derevne,5.9,11.0,84.0,adventure
Warrior Awang and Master Tok Gajah,4.6,157.0,118.0,adventure
A Christmas Carol,9.8,7.0,39.0,adventure
Nothing Unusual,9.7,303.0,92.0,adventure
Petualangan Anak Penangkap Hantu,6.0,18.0,99.0,adventure
Tapori Nayak,8.7,31.0,0.0,adventure
Mountain Boy,8.2,17.0,93.0,adventure
The Puffins & the Magic Portal,7.6,0.0,0.0,adventure
Lo carga el diablo,7.7,114.0,104.0,adventure
Manyunya. Priklyucheniya v Moskve,5.7,473.0,87.0,adventure
STEVE (A Minecraft Movie),0.0,11.0,61.0,adventure
Poklad,4.6,12.0,100.0,adventure
Antarctic Voyage,6.8,23.0,48.0,adventure
The Artifact,0.0,18.0,108.0,adventure
Tri bogatyrya. Ni dnya bez podviga,5.7,17.0,61.0,adventure
Frankenstein Theater: The Magic Sword,4.7,0.0,82.0,adventure
Moy dikiy drug,6.7,30.0,100.0,adventure
Quantum Supremacy,0.0,21.0,70.0,adventure
The Ghost of Annie Lee,0.0,107.0,103.0,adventure
Beyond existence,5.8,0.0,95.0,adventure
Príncipe Lu e a Lenda do Dragão,4.2,0.0,90.0,adventure
Chyortov kamen,6.4,33.0,105.0,adventure
Goodbye Hamdi,6.2,6.0,85.0,adventure
Fatal Expedition,3.9,0.0,0.0,adventure
Tayna Chyornoy Ruki,5.7,62.0,84.0,adventure
My Only Relative.,0.0,21.0,105.0,adventure
Mr Zoo Keeper,8.1,0.0,0.0,adventure
The Last Five Days: The Freak Building,3.7,52.0,61.0,adventure
The Ballad of Straw Hat Sam,9.2,0.0,45.0,adventure
Changle Zhen Gui Shi,0.0,0.0,88.0,adventure
YA - medved,4.9,10.0,97.0,adventure
The Bigfoot Prophecy,4.5,27.0,117.0,adventure
Chhota Bheem and the Curse of Damyaan,4.8,9.0,145.0,adventure
DCLXVI,0.0,8.0,200.0,adventure
Novyy god v Beryozovke,7.1,24.0,94.0,adventure
Mesken (Messuage),7.3,22.0,102.0,adventure
The 9th Raider,0.0,0.0,105.0,adventure
Luccas e Gi em: Dinossauros,3.5,0.0,91.0,adventure
Ngesot,4.8,15.0,87.0,adventure
Minecraft But I Survive Again in Parkour Civilization,9.2,56.0,0.0,adventure
EP Break the Multiverse,0.0,10.0,76.0,adventure
Anytime,8.9,0.0,62.0,adventure
Mukhadrakon,5.3,61.0,109.0,adventure
The Road to OVC Champions,0.0,22.0,62.0,adventure
Penelope & Everly's Holiday Adventure,0.0,2300.0,0.0,adventure
The Farm,0.0,0.0,104.0,adventure
Dracu Ra,5.5,97.0,106.0,adventure
Turbozavry. God drakona,9.2,34.0,48.0,adventure
Xiang Xi Gui Shi,0.0,0.0,72.0,adventure
Dragon Gate Inn,0.0,27.0,90.0,adventure
Alex and Mia's Awesome Movie!!,0.0,18.0,75.0,adventure
La Familia del Barrio: La Película,4.0,0.0,0.0,adventure
Abar Arownne Din Ratri,7.8,0.0,111.0,adventure
Wilhelm Gustloff,8.7,17.0,110.0,adventure
Il ricercatore,5.8,0.0,71.0,adventure
"Bernadotte, Louise & Napoleon",0.0,0.0,74.0,adventure
Cacophony the Animated Movie,0.0,19.0,81.0,adventure
Bremenskie muzykanty,4.6,16.0,115.0,adventure
Mai Martaba,4.8,0.0,86.0,adventure
Moy lyubimyy chempion,2.3,0.0,95.0,adventure
Lost and Found,0.0,0.0,60.0,adventure
Banana Boat,5.7,34.0,78.0,adventure
Pirates & Slaves,5.8,42.0,53.0,adventure
Ivan Tsarevich i Seryy Volk 6,5.6,0.0,0.0,adventure
Suchana,9.1,0.0,90.0,adventure
Let's Go! Anpanman: Baikinman and Lulun,6.5,0.0,64.0,adventure
"Salem, SOS-ed!",0.0,6.0,91.0,adventure
The Kingfish 2,7.9,7.0,72.0,adventure
Yan Hu Ji Hua,0.0,8.0,90.0,adventure
V potoke trekh stikhiy,5.3,0.0,85.0,adventure
L'Elisir di Leonardo da Vinci e la Banda del Buffardello,0.0,7.0,90.0,adventure
Boom!,8.3,0.0,90.0,adventure
The Final Kick,0.0,0.0,10.0,adventure
"Poymay sobaku, esli smozhesh",3.5,0.0,96.0,adventure
The Lion Dog,0.0,0.0,122.0,adventure
Phantom Lights: UAPs of the Forest,0.0,0.0,81.0,adventure
La bruja del bosque oscuro,0.0,662.0,92.0,adventure
No More Trouble - Cosa rimane di una tempesta,8.7,9.0,97.0,adventure
Skazochnyy patrul. Shou prodolzhayetsya,7.2,419.0,65.0,adventure
Militant Monster 2024,8.8,0.0,0.0,adventure
Piri Reis: The Incredible Chart,6.8,19.0,138.0,adventure
Fat Chance! the Movie,7.6,0.0,0.0,adventure
Mortadella,0.0,0.0,90.0,adventure
A Babá - Operação Game Over,4.8,6.0,0.0,adventure
Bragow,0.0,78.0,120.0,adventure
Isle: Alpha One,8.4,527.0,97.0,adventure
Suvorovets 1944,6.1,7.0,90.0,adventure
Kage & Celeste,0.0,0.0,69.0,adventure
Captain Toad and the Mystery Mine,0.0,0.0,77.0,adventure
Superman: Jubilation,0.0,10.0,176.0,adventure
Coeval,0.0,0.0,90.0,adventure
Nijari,0.0,0.0,106.0,adventure
The Embers of Domsheria,0.0,0.0,95.0,adventure
Kyle and the Last Emerald 2,8.4,0.0,15.0,adventure
Toy Kids: The Movie,0.0,0.0,65.0,adventure
Harmonie,0.0,40.0,74.0,adventure
Selebryata,3.6,0.0,93.0,adventure
I'm Professional,3.7,0.0,95.0,adventure
The Long Quiet,0.0,10.0,94.0,adventure
Wild Boys,0.0,0.0,119.0,adventure
Upanga Kingdom,0.0,0.0,115.0,adventure
Hasta Que Nos Encontremos De Neuvo,0.0,36.0,90.0,adventure
Colour Palette,9.0,0.0,87.0,adventure
Qianhe xiansheng,0.0,0.0,82.0,adventure
LUDA,7.2,0.0,86.0,adventure
Whites Only: Ade's Extremist Adventure,7.0,0.0,65.0,adventure
Dandelion,8.9,0.0,95.0,adventure
Domain 1 - Antarctica,0.0,16.0,74.0,adventure
Tinpot & Yello,0.0,0.0,51.0,adventure
Applepictures the Poseidon Legacy,6.4,0.0,84.0,adventure
The Redemption of Zack & Heather (Remastered),0.0,11.0,2.1666666666666667e-10,adventure
Filmmaker,0.0,0.0,97.0,adventure
The Seed,0.0,28.0,100.0,adventure
Era Oculta,0.0,21.0,80.0,adventure
Marraia,0.0,6.0,77.0,adventure
Mystic Odyssey,0.0,0.0,144.0,adventure
Florp's Solar Vacation,0.0,10.0,2.0,adventure
Meorisogeul,0.0,0.0,119.0,adventure
Maverick from the Edge,0.0,0.0,107.0,adventure
Unhappy 25 Years Little Brat,0.0,7.0,2.1666666666666667e-10,adventure
Dushu,0.0,7.0,96.0,adventure
"Montserrat, Integral 107",0.0,0.0,85.0,adventure
StarGazer: The Need of the Many,5.0,0.0,47.0,adventure
The Bigfoot prophecy 2,0.0,0.0,118.0,adventure
7 Day Fast,0.0,0.0,50.0,adventure
Deux hommes un destin,0.0,0.0,94.0,adventure
Pra Sempre,0.0,0.0,75.0,adventure
Boyz,0.0,0.0,132.0,adventure
One in a million chance,0.0,0.0,70.0,adventure
Mult v kino. Vypusk # 168: Idyom na piknik!,0.0,0.0,51.0,adventure
Once upon a bridge in Vietnam,0.0,0.0,52.0,adventure
The Stand at Alder Creek,0.0,7.0,53.0,adventure
The Blinkless,7.8,0.0,59.0,adventure
Across America,0.0,0.0,48.0,adventure
Commonheart. from A Childish Mind.,0.0,20.0,83.0,adventure
The Last Survivor,0.0,0.0,115.0,adventure
QAnon Avenue,0.0,0.0,57.0,adventure
Bear Kid: Super Hero,0.0,8.0,80.0,adventure
SITV Presents: Tabsentia,0.0,0.0,80.0,adventure
PW V: Tears of the Fallen,8.2,0.0,60.0,adventure
Five Nights at TK's: The Curse of TK,0.0,0.0,60.0,adventure
The Pizza Guys,0.0,0.0,89.0,adventure
Purgatorio,0.0,0.0,59.0,adventure
I V Y: World of the Future,0.0,0.0,2.1666666666666667e-10,adventure
"Le Vrai Kaizen (Vod // La Cacabox Monte L'everest - Grimkujow, Potatoz, Mnkway, Diego, Hugo)",0.0,0.0,63.0,adventure
Anywhere Wherever,0.0,23.0,46.0,adventure
Dream of Resurrection,0.0,0.0,95.0,adventure
The Veyshal Movie,0.0,0.0,120.0,adventure
Beyaz Zenciler: Yapim Asamasi,8.6,6.0,55.0,adventure
"Katarina, ili Doch razboynika",0.0,27.0,157.0,adventure
Gostya iz kosmosa,8.5,0.0,70.0,adventure
My New Country Biacuimyneco,0.0,9.0,95.0,adventure
Línguas de Fogo,0.0,0.0,69.0,adventure
Mult v kino. Vypusk # 174. Dobrye dela!,0.0,0.0,48.0,adventure
The Grand Stroke,0.0,0.0,128.0,adventure
The Moon Asks for Help,0.0,0.0,96.0,adventure
Kleurenpalet 3: De Definitie Van Het Multiversum,0.0,19.0,77.0,adventure
Spin War,0.0,0.0,104.0,adventure
Cobrazilla,0.0,0.0,60.0,adventure
Okhota na russkogo geniya,2.6,0.0,71.0,adventure
Sehnsucht nach Firdaws,8.5,0.0,103.0,adventure
New Day,0.0,0.0,48.0,adventure
Oda: Vlucht door de Eeuwen,6.4,0.0,0.0,adventure
Non succederà più,0.0,0.0,90.0,adventure
Lajjpal,9.0,0.0,252.0,adventure
Project Block,0.0,0.0,66.0,adventure
Vandringen,0.0,0.0,78.0,adventure
ABC Life: The Movie,0.0,0.0,60.0,adventure
Unscripted - In the Heart of Africa,0.0,0.0,82.0,adventure
The Same Picture Group Holiday Special,0.0,0.0,55.0,adventure
Road to Paradise,0.0,0.0,76.0,adventure
The Brofessors Return,0.0,0.0,78.0,adventure
NJPW SMP: The Movie,0.0,0.0,50.0,adventure
Summer on a solitary beach,0.0,9.0,100.0,adventure
Novogodniy ekspress,0.0,0.0,47.0,adventure
